"Complexity","Time in ms","Count"
1,0.202,2
7,0.213,2
13,0.265,2
19,0.237,2
25,0.31,2
31,0.318,2
37,0.447,2
43,0.386,2
49,0.163,2
55,0.223,2
61,0.218,2
67,0.184,2
73,0.203,2
79,0.228,2
85,0.247,2
91,0.228,2
97,0.246,2
103,0.379,2
109,0.266,2
115,0.238,2
121,0.265,2
127,0.266,2
133,0.273,2
139,0.29,2
145,0.298,2
151,0.31,2
157,0.327,2
163,0.359,2
169,0.341,2
175,0.431,2
181,0.365,2
187,0.377,2
193,0.392,2
199,0.486,2
205,0.543,2
211,0.473,2
217,0.463,2
223,0.559,2
229,0.486,2
235,0.549,2
241,0.491,2
247,0.697,2
253,0.629,2
259,0.663,2
265,0.557,2
271,0.586,2
277,0.576,2
283,0.566,2
289,0.579,2
295,0.779,2
301,0.598,2
307,0.604,2
313,0.613,2
319,0.63,2
325,0.644,2
331,0.639,2
337,0.644,2
343,0.648,2
349,0.681,2
355,0.674,2
361,1.091,2
367,1.322,2
373,1.088,2
379,0.82,2
385,0.843,2
391,0.887,2
397,0.999,2
403,0.979,2
409,1.065,2
415,1.038,2
421,0.918,2
427,0.879,2
433,0.936,2
439,0.844,2
445,1.06,2
451,1.705,2
457,1.313,2
463,1.18,2
469,1.084,2
475,1.122,2
481,1.093,2
487,1.435,2
493,1.194,2
499,0.939,2
505,1.055,2
511,1.034,2
517,0.996,2
523,1.294,2
529,1.106,2
535,0.994,2
541,1.121,2
547,1.238,2
553,1.271,2
559,1.493,2
565,1.397,2
571,1.384,2
577,1.254,2
583,1.186,2
589,1.322,2
595,1.133,2
601,1.371,2
607,1.126,2
613,1.284,2
619,2.698,2
625,3.028,2
631,1.716,2
637,1.679,2
643,2.014,2
649,1.503,2
655,1.32,2
661,1.22,2
667,1.407,2
673,2.164,2
679,1.403,2
685,2.824,2
691,3.303,2
697,3.276,2
703,2.102,2
709,2.12,2
715,3.049,2
721,1.996,2
727,1.908,2
733,1.776,2
739,1.75,2
745,1.759,2
751,1.728,2
757,1.729,2
763,2.119,2
769,2.009,2
775,0.674,2
781,0.669,2
787,0.669,2
793,0.68,2
799,0.66,2
805,0.662,2
811,0.639,2
817,0.641,2
823,0.655,2
829,0.663,2
835,0.66,2
841,0.659,2
847,0.667,2
853,0.669,2
859,0.68,2
865,0.683,2
871,0.686,2
877,0.7,2
883,0.741,2
889,0.847,2
895,0.786,2
901,0.742,2
907,0.75,2
913,0.732,2
919,0.754,2
925,0.748,2
931,0.739,2
937,0.768,2
943,0.75,2
949,0.752,2
955,0.767,2
961,0.778,2
967,0.775,2
973,0.769,2
979,0.768,2
985,0.769,2
991,0.782,2
997,0.827,2
1003,0.795,2
1009,0.822,2
1015,0.977,2
1021,1.241,2
1027,1.165,2
1033,0.85,2
1039,0.902,2
1045,0.86,2
1051,0.828,2
1057,0.791,2
1063,0.796,2
1069,0.803,2
1075,0.816,2
1081,0.814,2
1087,0.825,2
1093,31.221,2
1099,0.765,2
1105,0.68,2
1111,0.619,2
1117,0.909,2
1123,0.61,2
1129,0.603,2
1135,0.603,2
1141,0.611,2
1147,0.61,2
1153,0.613,2
1159,0.948,2
1165,0.726,2
1171,0.719,2
1177,0.832,2
1183,0.712,2
1189,0.723,2
1195,0.778,2
1201,0.783,2
1207,0.82,2
1213,0.991,2
1219,0.743,2
1225,0.928,2
1231,1.104,2
1237,1.153,2
1243,1.165,2
1249,0.914,2
1255,0.698,2
1261,0.703,2
1267,0.788,2
1273,0.831,2
1279,0.823,2
1285,0.783,2
1291,0.96,2
1297,0.902,2
1303,0.864,2
1309,0.827,2
1315,0.754,2
1321,0.735,2
1327,0.908,2
1333,1.073,2
1339,0.835,2
1345,0.842,2
1351,0.972,2
1357,0.801,2
1363,0.75,2
1369,0.76,2
1375,0.755,2
1381,0.763,2
1387,0.778,2
1393,1.348,2
1399,1.51,2
1405,1.409,2
1411,1.401,2
1417,1.43,2
1423,0.883,2
1429,0.862,2
1435,0.788,2
1441,0.793,2
1447,0.797,2
1453,0.801,2
1459,0.815,2
1465,0.809,2
1471,0.807,2
1477,0.82,2
1483,0.969,2
1489,1.661,2
1495,0.964,2
1501,0.908,2
1507,0.947,2
1513,1.081,2
1519,1.003,2
1525,0.938,2
1531,0.916,2
1537,0.896,2
1543,0.86,2
1549,0.958,2
1555,0.856,2
1561,0.867,2
1567,0.867,2
1573,0.867,2
1579,0.874,2
1585,0.878,2
1591,1.086,2
1597,1.001,2
1603,0.969,2
1609,1.055,2
1615,1.31,2
1621,0.933,2
1627,0.918,2
1633,0.908,2
1639,0.918,2
1645,0.908,2
1651,0.911,2
1657,0.928,2
1663,0.916,2
1669,0.923,2
1675,0.93,2
1681,0.931,2
1687,0.932,2
1693,1.154,2
1699,1.134,2
1705,1.089,2
1711,1.257,2
1717,1.186,2
1723,0.971,2
1729,1.016,2
1735,0.982,2
1741,0.986,2
1747,0.965,2
1753,0.97,2
1759,0.979,2
1765,0.979,2
1771,0.988,2
1777,0.988,2
1783,0.988,2
1789,1.138,2
1795,1.17,2
1801,1.11,2
1807,1.47,2
1813,1.302,2
1819,1.117,2
1825,1.074,2
1831,1.023,2
1837,1.019,2
1843,1.075,2
1849,1.032,2
1855,1.038,2
1861,1.031,2
1867,1.055,2
1873,1.042,2
1879,1.418,2
1885,1.258,2
1891,1.152,2
1897,1.098,2
1903,1.104,2
1909,1.142,2
1915,1.129,2
1921,1.104,2
1927,1.107,2
1933,1.111,2
1939,1.112,2
1945,1.112,2
1951,1.119,2
1957,1.149,2
1963,1.721,2
1969,2.029,2
1975,1.98,2
1981,1.929,2
1987,1.315,2
1993,1.106,2
1999,1.111,2
2005,1.127,2
2011,1.128,2
2017,1.116,2
2023,1.11,2
2029,1.148,2
2035,1.352,2
2041,1.332,2
2047,1.265,2
2053,1.434,2
2059,32.556,2
2065,1.62,2
2071,1.23,2
2077,1.328,2
2083,1.131,2
2089,1.14,2
2095,1.146,2
2101,1.349,2
2107,1.145,2
2113,1.242,2
2119,1.631,2
2125,2.211,2
2131,1.95,2
2137,1.267,2
2143,1.185,2
2149,1.166,2
2155,1.172,2
2161,1.166,2
2167,1.298,2
2173,1.171,2
2179,1.186,2
2185,1.18,2
2191,1.417,2
2197,1.358,2
2203,1.305,2
2209,1.367,2
2215,1.312,2
2221,1.202,2
2227,1.219,2
2233,1.23,2
2239,1.274,2
2245,1.216,2
2251,1.218,2
2257,1.219,2
2263,1.22,2
2269,1.462,2
2275,1.445,2
2281,1.414,2
2287,1.411,2
2293,1.255,2
2299,1.263,2
2305,1.263,2
2311,1.525,2
2317,1.254,2
2323,1.271,2
2329,1.257,2
2335,1.263,2
2341,1.407,2
2347,1.736,2
2353,1.481,2
2359,1.405,2
2365,1.345,2
2371,1.325,2
2377,1.393,2
2383,1.292,2
2389,1.297,2
2395,1.296,2
2401,1.295,2
2407,1.309,2
2413,1.479,2
2419,1.512,2
2425,1.43,2
2431,1.519,2
2437,1.794,2
2443,1.399,2
2449,1.34,2
2455,1.349,2
2461,1.364,2
2467,1.389,2
2473,1.361,2
2479,1.345,2
2485,2.283,2
2491,2.637,2
2497,2.544,2
2503,1.57,2
2509,1.387,2
2515,1.39,2
2521,1.56,2
2527,1.413,2
2533,1.372,2
2539,1.795,2
2545,1.591,2
2551,1.757,2
2557,2.622,2
2563,2.428,2
2569,2.428,2
2575,2.407,2
2581,1.781,2
2587,2.53,2
2593,1.919,2
2599,1.584,2
2605,1.552,2
2611,1.474,2
2617,1.425,2
2623,1.622,2
2629,1.625,2
2635,1.497,2
2641,1.443,2
2647,1.867,2
2653,1.78,2
2659,1.544,2
2665,1.513,2
2671,1.541,2
2677,1.509,2
2683,1.512,2
2689,1.462,2
2695,1.505,2
2701,1.471,2
2707,1.695,2
2713,1.74,2
2719,1.588,2
2725,1.769,2
2731,1.712,2
2737,1.502,2
2743,1.495,2
2749,1.506,2
2755,32.191,2
2761,1.742,2
2767,1.704,2
2773,1.511,2
2779,1.824,2
2785,2.141,2
2791,1.731,2
2797,1.833,2
2803,1.523,2
2809,1.549,2
2815,1.578,2
2821,1.532,2
2827,1.56,2
2833,1.546,2
2839,1.979,2
2845,1.785,2
2851,1.802,2
2857,1.698,2
2863,1.675,2
2869,1.624,2
2875,1.568,2
2881,1.85,2
2887,1.609,2
2893,1.773,2
2899,2.995,2
2905,2.855,2
2911,1.895,2
2917,1.644,2
2923,1.711,2
2929,1.713,2
2935,1.707,2
2941,1.725,2
2947,1.883,2
2953,1.781,2
2959,1.807,2
2965,1.746,2
2971,1.683,2
2977,1.803,2
2983,1.694,2
2989,1.665,2
2995,1.68,2
