Radix,Complexity,Time in ms,BubbleSort,Complexity,Time in s,GnomeSort,Complexity,Time in s,MergeSort,Complexity,Time in ms,QuikSort,Complexity,Time in ms
,1,0.202,,1,8.20E-05,,1,7.10E-05,,1,0.092,,1,0.167
,7,0.213,,7,2.59E-04,,7,1.34E-04,,7,0.131,,7,0.179
,13,0.265,,13,3.95E-04,,13,2.56E-04,,13,0.176,,13,0.29
,19,0.237,,19,4.36E-04,,19,4.06E-04,,19,0.267,,19,0.377
,25,0.31,,25,3.91E-04,,25,4.92E-04,,25,0.308,,25,0.459
,31,0.318,,31,6.09E-04,,31,6.66E-04,,31,0.412,,31,0.792
,37,0.447,,37,7.93E-04,,37,8.81E-04,,37,0.421,,37,1.056
,43,0.386,,43,9.26E-04,,43,0.001066,,43,0.509,,43,0.66
,49,0.163,,49,0.001449,,49,0.001573,,49,0.82,,49,0.374
,55,0.223,,55,0.001565,,55,0.001899,,55,0.466,,55,0.425
,61,0.218,,61,0.001856,,61,0.002291,,61,0.481,,61,0.477
,67,0.184,,67,0.002462,,67,0.003829,,67,0.394,,67,0.534
,73,0.203,,73,0.001403,,73,0.00161,,73,0.442,,73,0.571
,79,0.228,,79,6.65E-04,,79,0.001113,,79,0.453,,79,0.691
,85,0.247,,85,0.001387,,85,7.90E-04,,85,0.515,,85,0.881
,91,0.228,,91,0.00168,,91,8.67E-04,,91,0.58,,91,0.727
,97,0.246,,97,0.002205,,97,0.001148,,97,0.646,,97,0.746
,103,0.379,,103,0.002056,,103,0.001175,,103,0.651,,103,0.82
,109,0.266,,109,0.001187,,109,0.001249,,109,0.709,,109,0.875
,115,0.238,,115,0.001327,,115,0.001386,,115,0.552,,115,0.881
,121,0.265,,121,0.001443,,121,0.001539,,121,0.401,,121,0.958
,127,0.266,,127,0.003838,,127,0.001846,,127,0.426,,127,0.962
,133,0.273,,133,0.004531,,133,0.003285,,133,0.443,,133,0.662
,139,0.29,,139,0.002499,,139,0.003048,,139,0.438,,139,0.539
,145,0.298,,145,0.001595,,145,0.002771,,145,0.442,,145,0.634
,151,0.31,,151,5.31E-04,,151,4.11E-04,,151,0.451,,151,1.237
,157,0.327,,157,5.72E-04,,157,4.75E-04,,157,0.509,,157,0.618
,163,0.359,,163,6.12E-04,,163,4.91E-04,,163,0.603,,163,1.209
,169,0.341,,169,6.63E-04,,169,5.10E-04,,169,0.518,,169,0.826
,175,0.431,,175,6.89E-04,,175,5.31E-04,,175,0.537,,175,0.718
,181,0.365,,181,7.50E-04,,181,5.74E-04,,181,0.556,,181,0.764
,187,0.377,,187,7.89E-04,,187,6.29E-04,,187,0.572,,187,0.761
,193,0.392,,193,8.11E-04,,193,6.99E-04,,193,0.581,,193,1.426
,199,0.486,,199,8.53E-04,,199,6.58E-04,,199,0.601,,199,1.778
,205,0.543,,205,0.001035,,205,7.25E-04,,205,0.62,,205,1.019
,211,0.473,,211,0.001293,,211,7.49E-04,,211,0.65,,211,0.858
,217,0.463,,217,0.00122,,217,0.001263,,217,0.703,,217,0.943
,223,0.559,,223,0.001361,,223,9.32E-04,,223,0.936,,223,0.98
,229,0.486,,229,0.001202,,229,9.64E-04,,229,0.959,,229,0.943
,235,0.549,,235,0.001198,,235,0.001168,,235,0.817,,235,1.025
,241,0.491,,241,0.001522,,241,0.001209,,241,0.81,,241,1.534
,247,0.697,,247,0.001596,,247,0.001071,,247,0.859,,247,1.509
,253,0.629,,253,0.001388,,253,0.001204,,253,0.886,,253,1.715
,259,0.663,,259,0.001463,,259,0.00122,,259,1.094,,259,2.469
,265,0.557,,265,0.001549,,265,0.001246,,265,0.919,,265,1.14
,271,0.586,,271,0.001646,,271,0.001333,,271,0.993,,271,1.2
,277,0.576,,277,0.001829,,277,0.001288,,277,0.917,,277,1.204
,283,0.566,,283,0.001964,,283,0.001374,,283,0.889,,283,1.268
,289,0.579,,289,0.00233,,289,0.001415,,289,0.994,,289,1.187
,295,0.779,,295,0.002152,,295,0.001937,,295,0.993,,295,0.428
,301,0.598,,301,0.00207,,301,0.001852,,301,0.957,,301,0.428
,307,0.604,,307,0.002038,,307,0.001816,,307,0.989,,307,0.438
,313,0.613,,313,0.002132,,313,0.001905,,313,1.004,,313,0.443
,319,0.63,,319,0.002307,,319,0.001984,,319,1.135,,319,0.454
,325,0.644,,325,0.00285,,325,0.002118,,325,2.295,,325,0.462
,331,0.639,,331,0.002691,,331,0.001865,,331,2.45,,331,0.48
,337,0.644,,337,0.002393,,337,0.00189,,337,1.418,,337,0.55
,343,0.648,,343,0.002831,,343,0.001996,,343,1.335,,343,0.668
,349,0.681,,349,0.002499,,349,0.002907,,349,1.253,,349,0.503
,355,0.674,,355,0.003232,,355,0.002441,,355,1.243,,355,0.561
,361,1.091,,361,0.004103,,361,0.002154,,361,1.277,,361,0.695
,367,1.322,,367,0.002977,,367,0.002687,,367,1.258,,367,0.643
,373,1.088,,373,0.003129,,373,0.002466,,373,1.26,,373,0.764
,379,0.82,,379,0.002949,,379,0.002464,,379,1.46,,379,0.604
,385,0.843,,385,0.003485,,385,0.002894,,385,2.935,,385,0.832
,391,0.887,,391,0.004312,,391,0.002786,,391,1.431,,391,0.841
,397,0.999,,397,0.003415,,397,0.002964,,397,1.532,,397,0.875
,403,0.979,,403,0.003284,,403,0.003108,,403,1.511,,403,0.865
,409,1.065,,409,0.003409,,409,0.002776,,409,1.626,,409,0.872
,415,1.038,,415,0.003824,,415,0.00304,,415,1.515,,415,0.845
,421,0.918,,421,0.004201,,421,0.003393,,421,1.438,,421,0.6
,427,0.879,,427,0.00418,,427,0.003524,,427,1.466,,427,0.683
,433,0.936,,433,0.003846,,433,0.003133,,433,1.482,,433,0.63
,439,0.844,,439,0.004396,,439,0.003195,,439,28.265,,439,0.625
,445,1.06,,445,0.004504,,445,0.003231,,445,13.869,,445,0.646
,451,1.705,,451,0.004287,,451,0.005002,,451,0.713,,451,0.66
,457,1.313,,457,0.004198,,457,0.003548,,457,0.732,,457,0.662
,463,1.18,,463,0.005775,,463,0.003667,,463,0.703,,463,0.667
,469,1.084,,469,0.004692,,469,0.004188,,469,0.688,,469,0.761
,475,1.122,,475,0.00444,,475,0.005468,,475,0.697,,475,0.783
,481,1.093,,481,0.005581,,481,0.003964,,481,0.699,,481,0.756
,487,1.435,,487,0.005242,,487,0.003989,,487,0.694,,487,0.735
,493,1.194,,493,0.00493,,493,0.004296,,493,0.716,,493,0.752
,499,0.939,,499,0.005268,,499,0.004777,,499,0.73,,499,0.779
,505,1.055,,505,0.005834,,505,0.003912,,505,0.719,,505,0.866
,511,1.034,,511,0.005512,,511,0.004228,,511,0.744,,511,1.248
,517,0.996,,517,0.006823,,517,0.014423,,517,0.773,,517,1.302
,523,1.294,,523,0.005985,,523,0.010095,,523,0.752,,523,1.018
,529,1.106,,529,0.005512,,529,0.005008,,529,1.156,,529,0.786
,535,0.994,,535,0.006756,,535,0.004921,,535,0.808,,535,0.791
,541,1.121,,541,0.006061,,541,0.005326,,541,0.809,,541,0.814
,547,1.238,,547,0.006157,,547,0.005108,,547,0.8,,547,0.87
,553,1.271,,553,0.006771,,553,0.005254,,553,0.824,,553,0.841
,559,1.493,,559,0.006058,,559,0.007918,,559,0.851,,559,0.895
,565,1.397,,565,0.008673,,565,0.006107,,565,0.864,,565,0.859
,571,1.384,,571,0.006405,,571,0.005645,,571,0.851,,571,0.856
,577,1.254,,577,0.007067,,577,0.007101,,577,0.863,,577,1.057
,583,1.186,,583,0.007178,,583,0.005743,,583,0.861,,583,0.903
,589,1.322,,589,0.0068,,589,0.006328,,589,0.878,,589,0.933
,595,1.133,,595,0.007928,,595,0.006563,,595,0.899,,595,0.938
,601,1.371,,601,0.007529,,601,0.005947,,601,0.845,,601,0.941
,607,1.126,,607,0.010126,,607,0.007747,,607,0.856,,607,0.96
,613,1.284,,613,0.008282,,613,0.006167,,613,0.922,,613,0.931
,619,2.698,,619,0.008862,,619,0.006936,,619,0.882,,619,0.948
,625,3.028,,625,0.008788,,625,0.006695,,625,0.881,,625,0.977
,631,1.716,,631,0.008841,,631,0.006507,,631,0.92,,631,1.057
,637,1.679,,637,0.008939,,637,0.008883,,637,0.949,,637,1.126
,643,2.014,,643,0.008785,,643,0.006597,,643,1.239,,643,0.854
,649,1.503,,649,0.009024,,649,0.007596,,649,1.098,,649,0.858
,655,1.32,,655,0.009282,,655,0.006768,,655,1.052,,655,0.97
,661,1.22,,661,0.010005,,661,0.007678,,661,0.976,,661,0.929
,667,1.407,,667,0.009099,,667,0.007368,,667,0.961,,667,0.796
,673,2.164,,673,0.010702,,673,0.007481,,673,0.988,,673,0.788
,679,1.403,,679,0.010068,,679,0.007731,,679,1.017,,679,0.898
,685,2.824,,685,0.011345,,685,0.010128,,685,1.161,,685,1.069
,691,3.303,,691,0.010763,,691,0.010158,,691,1,,691,1.031
,697,3.276,,697,0.010845,,697,0.008497,,697,1.034,,697,1.042
,703,2.102,,703,0.010602,,703,0.008259,,703,1.029,,703,1.058
,709,2.12,,709,0.011526,,709,0.011356,,709,1.025,,709,1.221
,715,3.049,,715,0.010744,,715,0.010246,,715,1.038,,715,1.193
,721,1.996,,721,0.010929,,721,0.012306,,721,1.037,,721,0.977
,727,1.908,,727,0.014181,,727,0.014058,,727,1.057,,727,1.049
,733,1.776,,733,0.013075,,733,0.010458,,733,1.23,,733,1.031
,739,1.75,,739,0.013424,,739,0.011194,,739,1.446,,739,1.024
,745,1.759,,745,0.014165,,745,0.010595,,745,1.299,,745,1.02
,751,1.728,,751,0.012715,,751,0.010011,,751,1.289,,751,1.029
,757,1.729,,757,0.013225,,757,0.009631,,757,1.136,,757,1.15
,763,2.119,,763,0.013191,,763,0.011002,,763,1.121,,763,1.063
,769,2.009,,769,0.015075,,769,0.010704,,769,1.173,,769,1.153
,775,0.674,,775,0.013542,,775,0.009779,,775,1.136,,775,1.254
,781,0.669,,781,0.013392,,781,0.010966,,781,1.219,,781,1.206
,787,0.669,,787,0.013397,,787,0.012368,,787,1.19,,787,1.169
,793,0.68,,793,0.013612,,793,0.01069,,793,1.271,,793,1.028
,799,0.66,,799,0.014394,,799,0.010955,,799,1.213,,799,1.204
,805,0.662,,805,0.013868,,805,0.016221,,805,1.253,,805,1.261
,811,0.639,,811,0.014769,,811,0.015823,,811,1.455,,811,0.998
,817,0.641,,817,0.0143,,817,0.011749,,817,1.49,,817,1.015
,823,0.655,,823,0.014563,,823,0.010826,,823,1.265,,823,1.013
,829,0.663,,829,0.016104,,829,0.012552,,829,1.276,,829,1.006
,835,0.66,,835,0.014879,,835,0.012791,,835,1.341,,835,0.977
,841,0.659,,841,0.014696,,841,0.013769,,841,1.274,,841,1.091
,847,0.667,,847,0.017151,,847,0.024704,,847,1.304,,847,1.019
,853,0.669,,853,0.018115,,853,0.015119,,853,1.26,,853,0.939
,859,0.68,,859,0.016438,,859,0.013269,,859,1.294,,859,1.148
,865,0.683,,865,0.018392,,865,0.015532,,865,1.34,,865,1.424
,871,0.686,,871,0.016468,,871,0.015389,,871,1.293,,871,1.344
,877,0.7,,877,0.019996,,877,0.013559,,877,1.286,,877,1.172
,883,0.741,,883,0.018596,,883,0.014453,,883,1.315,,883,1.401
,889,0.847,,889,0.017902,,889,0.015229,,889,1.639,,889,1.402
,895,0.786,,895,0.019824,,895,0.016549,,895,2.278,,895,1.269
,901,0.742,,901,0.018101,,901,0.014307,,901,2.172,,901,1.461
,907,0.75,,907,0.019084,,907,0.017017,,907,2.29,,907,1.261
,913,0.732,,913,0.020095,,913,0.01436,,913,2.107,,913,1.193
,919,0.754,,919,0.020249,,919,0.01407,,919,1.379,,919,1.236
,925,0.748,,925,0.022336,,925,0.014911,,925,1.395,,925,1.253
,931,0.739,,931,0.02007,,931,0.015048,,931,1.396,,931,1.251
,937,0.768,,937,0.019954,,937,0.015287,,937,1.429,,937,1.39
,943,0.75,,943,0.020837,,943,0.015626,,943,1.595,,943,7.833
,949,0.752,,949,0.020422,,949,0.048442,,949,1.723,,949,30.754
,955,0.767,,955,0.020519,,955,0.016223,,955,1.816,,955,2.235
,961,0.778,,961,0.020663,,961,0.020432,,961,1.572,,961,2.124
,967,0.775,,967,0.020397,,967,0.01605,,967,1.549,,967,1.628
,973,0.769,,973,0.020007,,973,0.01647,,973,1.544,,973,2.393
,979,0.768,,979,0.022949,,979,0.016086,,979,1.528,,979,3.191
,985,0.769,,985,0.021685,,985,0.016486,,985,1.501,,985,1.804
,991,0.782,,991,0.023164,,991,0.01979,,991,1.558,,991,3.769
,997,0.827,,997,0.022353,,997,0.017755,,997,1.495,,997,2.049
,1003,0.795,,1003,0.027556,,1003,0.020224,,1003,1.529,,1003,1.358
,1009,0.822,,1009,0.024579,,1009,0.020854,,1009,1.668,,1009,1.473
,1015,0.977,,1015,0.023615,,1015,0.017643,,1015,1.732,,1015,1.574
,1021,1.241,,1021,0.023592,,1021,0.027469,,1021,1.666,,1021,1.482
,1027,1.165,,1027,0.023948,,1027,0.018867,,1027,1.706,,1027,1.525
,1033,0.85,,1033,0.025014,,1033,0.018074,,1033,1.617,,1033,1.533
,1039,0.902,,1039,0.02374,,1039,0.018471,,1039,1.608,,1039,1.875
,1045,0.86,,1045,0.025678,,1045,0.022432,,1045,1.605,,1045,1.614
,1051,0.828,,1051,0.024676,,1051,0.018949,,1051,1.621,,1051,1.64
,1057,0.791,,1057,0.029448,,1057,0.019405,,1057,1.706,,1057,1.73
,1063,0.796,,1063,0.027994,,1063,0.019471,,1063,1.665,,1063,1.64
,1069,0.803,,1069,0.028379,,1069,0.019172,,1069,2.525,,1069,1.941
,1075,0.816,,1075,0.025833,,1075,0.026437,,1075,2.683,,1075,1.679
,1081,0.814,,1081,0.029517,,1081,0.019851,,1081,1.697,,1081,1.628
,1087,0.825,,1087,0.027975,,1087,0.020622,,1087,1.654,,1087,1.84
,,,,1093,0.026058,,1093,0.032916,,1093,1.668,,1093,1.864
,1099,0.765,,1099,0.027142,,1099,0.020635,,1099,1.683,,1099,1.949
,1105,0.68,,1105,0.026538,,1105,0.021603,,1105,1.688,,1105,1.85
,1111,0.619,,1111,0.027816,,1111,0.020906,,1111,1.775,,1111,1.734
,1117,0.909,,1117,0.031834,,1117,0.022433,,1117,1.785,,1117,2.041
,1123,0.61,,1123,0.029109,,1123,0.025123,,1123,1.849,,1123,1.769
,1129,0.603,,1129,0.02986,,1129,0.02563,,1129,1.841,,1129,1.73
,1135,0.603,,1135,0.031615,,1135,0.022547,,1135,1.794,,1135,1.839
,1141,0.611,,1141,0.031535,,1141,0.026791,,1141,1.802,,1141,1.753
,1147,0.61,,1147,0.031254,,1147,0.023029,,1147,1.771,,1147,1.9
,1153,0.613,,1153,0.032135,,1153,0.031256,,1153,1.78,,1153,1.885
,1159,0.948,,1159,0.03179,,1159,0.023426,,1159,1.86,,1159,2.394
,1165,0.726,,1165,0.037884,,1165,0.029508,,1165,1.839,,1165,1.862
,1171,0.719,,1171,0.031423,,1171,0.024429,,1171,1.862,,1171,2.09
,1177,0.832,,1177,0.033088,,1177,0.02643,,1177,3.116,,1177,1.721
,1183,0.712,,1183,0.033119,,1183,0.024851,,1183,3.176,,1183,1.963
,1189,0.723,,1189,0.035249,,1189,0.024574,,1189,3.199,,1189,1.745
,1195,0.778,,1195,0.038592,,1195,0.024525,,1195,3.12,,1195,2.131
,1201,0.783,,1201,0.036153,,1201,0.030268,,1201,2.191,,1201,1.956
,1207,0.82,,1207,0.035791,,1207,0.027253,,1207,2.064,,1207,2.06
,1213,0.991,,1213,0.037104,,1213,0.043879,,1213,1.984,,1213,1.975
,1219,0.743,,1219,0.037864,,1219,0.02812,,1219,1.976,,1219,1.971
,1225,0.928,,1225,0.037353,,1225,0.027388,,1225,1.922,,1225,1.94
,1231,1.104,,1231,0.037941,,1231,0.026326,,1231,1.959,,1231,2.134
,1237,1.153,,1237,0.038178,,1237,0.030432,,1237,1.982,,1237,1.919
,1243,1.165,,1243,0.043989,,1243,0.02718,,1243,2.104,,1243,2.235
,1249,0.914,,1249,0.036496,,1249,0.027231,,1249,2.044,,1249,2.165
,1255,0.698,,1255,0.036215,,1255,0.030693,,1255,1.979,,1255,2.452
,1261,0.703,,1261,0.046699,,1261,0.027039,,1261,3.264,,1261,2.176
,1267,0.788,,1267,0.043717,,1267,0.038873,,1267,3.443,,1267,2.308
,1273,0.831,,1273,0.04211,,1273,0.027785,,1273,3.322,,1273,2.15
,1279,0.823,,1279,0.042126,,1279,0.028766,,1279,3.48,,1279,2.291
,1285,0.783,,1285,0.042608,,1285,0.02847,,1285,3.4,,1285,2.078
,1291,0.96,,1291,0.044222,,1291,0.029391,,1291,3.212,,1291,2.269
,1297,0.902,,1297,0.04206,,1297,0.030029,,1297,2.581,,1297,2.366
,1303,0.864,,1303,0.043932,,1303,0.029641,,1303,2.062,,1303,2.325
,1309,0.827,,1309,0.043955,,1309,0.03489,,1309,2.043,,1309,2.252
,1315,0.754,,1315,0.042435,,1315,0.04217,,1315,13.957,,1315,2.509
,1321,0.735,,1321,0.045764,,1321,0.030549,,1321,2.971,,1321,2.233
,1327,0.908,,1327,0.041102,,1327,0.030488,,1327,3.74,,1327,2.293
,1333,1.073,,1333,0.045559,,1333,0.030714,,1333,3.764,,1333,2.632
,1339,0.835,,1339,0.042906,,1339,0.032087,,1339,2.542,,1339,2.374
,1345,0.842,,1345,0.042371,,1345,0.03013,,1345,2.447,,1345,2.937
,1351,0.972,,1351,0.045438,,1351,0.030467,,1351,2.279,,1351,2.4
,1357,0.801,,1357,0.045123,,1357,0.031864,,1357,2.161,,1357,2.343
,1363,0.75,,1363,0.047244,,1363,0.042409,,1363,2.267,,1363,2.538
,1369,0.76,,1369,0.054162,,1369,0.035569,,1369,2.171,,1369,2.396
,1375,0.755,,1375,0.046515,,1375,0.034098,,1375,2.351,,1375,2.413
,1381,0.763,,1381,0.042804,,1381,0.036772,,1381,2.291,,1381,2.469
,1387,0.778,,1387,0.047881,,1387,0.03475,,1387,2.341,,1387,2.471
,1393,1.348,,1393,0.046996,,1393,0.034816,,1393,23.715,,1393,3.044
,1399,1.51,,1399,0.047862,,1399,0.03939,,1399,3.262,,1399,2.541
,1405,1.409,,1405,0.053282,,1405,0.060168,,1405,3.493,,1405,2.532
,1411,1.401,,1411,0.047777,,1411,0.033995,,1411,3.426,,1411,2.637
,1417,1.43,,1417,0.047593,,1417,0.035221,,1417,2.149,,1417,2.578
,1423,0.883,,1423,0.052153,,1423,0.040293,,1423,2.094,,1423,2.733
,1429,0.862,,1429,0.048638,,1429,0.041987,,1429,2.147,,1429,2.668
,1435,0.788,,1435,0.04903,,1435,0.034973,,1435,2.114,,1435,2.616
,1441,0.793,,1441,0.051036,,1441,0.046033,,1441,2.308,,1441,2.484
,1447,0.797,,1447,0.057595,,1447,0.03566,,1447,2.157,,1447,2.907
,1453,0.801,,1453,0.056299,,1453,0.035753,,1453,2.312,,1453,2.591
,1459,0.815,,1459,0.050774,,1459,0.040197,,1459,2.183,,1459,2.672
,1465,0.809,,1465,0.051447,,1465,0.037487,,1465,2.206,,1465,3.009
,1471,0.807,,1471,0.056572,,1471,0.037309,,1471,2.128,,1471,2.723
,1477,0.82,,1477,0.054776,,1477,0.051533,,1477,2.22,,1477,2.699
,1483,0.969,,1483,0.055159,,1483,0.03738,,1483,2.148,,1483,3.156
,1489,1.661,,1489,0.054437,,1489,0.045657,,1489,2.429,,1489,3.927
,1495,0.964,,1495,0.060535,,1495,0.039925,,1495,2.286,,1495,3.206
,1501,0.908,,1501,0.054052,,1501,0.037655,,1501,2.189,,1501,2.719
,1507,0.947,,1507,0.055893,,1507,0.039826,,1507,2.219,,1507,2.576
,1513,1.081,,1513,0.058775,,1513,0.051755,,1513,2.188,,1513,2.71
,1519,1.003,,1519,0.05452,,1519,0.048633,,1519,2.236,,1519,2.7
,1525,0.938,,1525,0.0555,,1525,0.040064,,1525,2.208,,1525,6.601
,1531,0.916,,1531,0.05601,,1531,0.043787,,1531,2.371,,1531,16.229
,1537,0.896,,1537,0.059352,,1537,0.046129,,1537,2.524,,1537,2.755
,1543,0.86,,1543,0.057023,,1543,0.041066,,1543,2.318,,1543,2.966
,1549,0.958,,1549,0.058669,,1549,0.05151,,1549,2.27,,1549,2.914
,1555,0.856,,1555,0.058699,,1555,0.050954,,1555,2.26,,1555,3.004
,1561,0.867,,1561,0.05888,,1561,0.047636,,1561,2.269,,1561,2.843
,1567,0.867,,1567,0.061834,,1567,0.04336,,1567,2.477,,1567,2.914
,1573,0.867,,1573,0.060866,,1573,0.042968,,1573,2.43,,1573,2.757
,1579,0.874,,1579,0.061338,,1579,0.066964,,1579,2.539,,1579,2.788
,1585,0.878,,1585,0.061031,,1585,0.048799,,1585,2.465,,1585,2.973
,1591,1.086,,1591,0.063074,,1591,0.043567,,1591,2.27,,1591,3.093
,1597,1.001,,1597,0.059784,,1597,0.051413,,1597,2.334,,1597,3.142
,1603,0.969,,1603,0.06368,,1603,0.048393,,1603,2.348,,1603,2.824
,1609,1.055,,1609,0.0622,,1609,0.065902,,1609,2.266,,1609,2.843
,1615,1.31,,1615,0.064431,,1615,0.05551,,1615,3.026,,1615,3.041
,1621,0.933,,1621,0.067061,,1621,0.046039,,1621,2.688,,1621,3.489
,1627,0.918,,1627,0.072989,,1627,0.054224,,1627,2.494,,1627,3.126
,1633,0.908,,1633,0.073685,,1633,0.050736,,1633,2.405,,1633,3.212
,1639,0.918,,1639,0.065981,,1639,0.0572,,1639,2.452,,1639,2.871
,1645,0.908,,1645,0.068146,,1645,0.045749,,1645,2.356,,1645,3.42
,1651,0.911,,1651,0.068659,,1651,0.047127,,1651,2.492,,1651,4.423
,1657,0.928,,1657,0.066899,,1657,0.053439,,1657,3.332,,1657,5.06
,1663,0.916,,1663,0.069584,,1663,0.047412,,1663,2.574,,1663,3.703
,1669,0.923,,1669,0.071225,,1669,0.06002,,1669,2.4,,1669,4.722
,1675,0.93,,1675,0.076307,,1675,0.053484,,1675,2.406,,1675,4.529
,1681,0.931,,1681,0.071916,,1681,0.056969,,1681,2.414,,1681,3.879
,1687,0.932,,1687,0.078366,,1687,0.05839,,1687,2.473,,1687,3.816
,1693,1.154,,1693,0.079157,,1693,0.079048,,1693,2.941,,1693,4.473
,1699,1.134,,1699,0.069425,,1699,0.050142,,1699,2.747,,1699,4.299
,1705,1.089,,1705,0.073139,,1705,0.053557,,1705,2.576,,1705,3.847
,1711,1.257,,1711,0.075761,,1711,0.05196,,1711,2.729,,1711,4.102
,1717,1.186,,1717,0.085421,,1717,0.064745,,1717,2.535,,1717,7.446
,1723,0.971,,1723,0.078497,,1723,0.054415,,1723,2.534,,1723,5.276
,1729,1.016,,1729,0.073453,,1729,0.052418,,1729,2.774,,1729,4.014
,1735,0.982,,1735,0.083631,,1735,0.055845,,1735,2.838,,1735,5.825
,1741,0.986,,1741,0.090986,,1741,0.053325,,1741,2.529,,1741,4.772
,1747,0.965,,1747,0.08421,,1747,0.066331,,1747,2.587,,1747,4.081
,1753,0.97,,1753,0.077283,,1753,0.054784,,1753,2.819,,1753,4.506
,1759,0.979,,1759,0.086936,,1759,0.067169,,1759,2.546,,1759,4.172
,1765,0.979,,1765,0.081205,,1765,0.073454,,1765,2.976,,1765,4.147
,1771,0.988,,1771,0.087186,,1771,0.077207,,1771,2.877,,1771,4.441
,1777,0.988,,1777,0.079333,,1777,0.053599,,1777,2.694,,1777,4.233
,1783,0.988,,1783,0.085703,,1783,0.055282,,1783,2.567,,1783,4.548
,1789,1.138,,1789,0.081823,,1789,0.055416,,1789,2.57,,1789,5.826
,1795,1.17,,1795,0.099277,,1795,0.087858,,1795,2.657,,1795,5.022
,1801,1.11,,1801,0.081957,,1801,0.055834,,1801,2.635,,1801,4.906
,1807,1.47,,1807,0.085998,,1807,0.057022,,1807,2.906,,1807,4.836
,1813,1.302,,1813,0.095515,,1813,0.058993,,1813,2.968,,1813,4.215
,1819,1.117,,1819,0.082944,,1819,0.070444,,1819,2.618,,1819,4.864
,1825,1.074,,1825,0.085363,,1825,0.057027,,1825,2.605,,1825,4.398
,1831,1.023,,1831,0.084288,,1831,0.057436,,1831,15.817,,1831,5.124
,1837,1.019,,1837,0.084163,,1837,0.067986,,1837,2.929,,1837,4.308
,1843,1.075,,1843,0.084001,,1843,0.086321,,1843,2.864,,1843,5.234
,1849,1.032,,1849,0.093594,,1849,0.058651,,1849,3.002,,1849,4.736
,1855,1.038,,1855,0.088506,,1855,0.060545,,1855,3.029,,1855,4.348
,1861,1.031,,1861,0.090744,,1861,0.059809,,1861,2.989,,1861,4.734
,1867,1.055,,1867,0.089875,,1867,0.07745,,1867,2.752,,1867,5.188
,1873,1.042,,1873,0.085669,,1873,0.061763,,1873,2.805,,1873,4.466
,1879,1.418,,1879,0.097205,,1879,0.061162,,1879,2.911,,1879,4.64
,1885,1.258,,1885,0.092325,,1885,0.061238,,1885,2.915,,1885,12.688
,1891,1.152,,1891,0.098645,,1891,0.068858,,1891,3.176,,1891,18.483
,1897,1.098,,1897,0.09363,,1897,0.070459,,1897,2.823,,1897,6.045
,1903,1.104,,1903,0.094665,,1903,0.073319,,1903,3.001,,1903,7.36
,1909,1.142,,1909,0.092151,,1909,0.075336,,1909,2.822,,1909,6.133
,1915,1.129,,1915,0.099017,,1915,0.06362,,1915,2.968,,1915,5.318
,1921,1.104,,1921,0.097153,,1921,0.062652,,1921,3.109,,1921,4.838
,1927,1.107,,1927,0.09836,,1927,0.079256,,1927,2.927,,1927,4.796
,1933,1.111,,1933,0.105156,,1933,0.075872,,1933,2.907,,1933,5.255
,1939,1.112,,1939,0.09457,,1939,0.079104,,1939,2.921,,1939,4.779
,1945,1.112,,1945,0.115884,,1945,0.064809,,1945,3.006,,1945,4.959
,1951,1.119,,1951,0.10074,,1951,0.096862,,1951,3.106,,1951,5.005
,1957,1.149,,1957,0.102204,,1957,0.063973,,1957,3.053,,1957,5.193
,1963,1.721,,1963,0.105267,,1963,0.071927,,1963,3.009,,1963,7.128
,1969,2.029,,1969,0.101204,,1969,0.066954,,1969,3.095,,1969,5.398
,1975,1.98,,1975,0.099359,,1975,0.078019,,1975,2.912,,1975,4.952
,1981,1.929,,1981,0.114583,,1981,0.067236,,1981,3.235,,1981,5.122
,1987,1.315,,1987,0.111211,,1987,0.07219,,1987,3.196,,1987,4.79
,1993,1.106,,1993,0.10226,,1993,0.079888,,1993,3.023,,1993,5.132
,1999,1.111,,1999,0.109629,,1999,0.077611,,1999,3.117,,1999,4.735
,2005,1.127,,2005,0.110055,,2005,0.070246,,2005,2.926,,2005,5.405
,2011,1.128,,2011,0.114972,,2011,0.096346,,2011,3.301,,2011,4.886
,2017,1.116,,2017,0.11405,,2017,0.068885,,2017,3.163,,2017,5.022
,2023,1.11,,2023,0.113785,,2023,0.07205,,2023,3.259,,2023,4.907
,2029,1.148,,2029,0.128405,,2029,0.085944,,2029,3.111,,2029,6.186
,2035,1.352,,2035,0.125289,,2035,0.088393,,2035,2.936,,2035,7.085
,2041,1.332,,2041,0.165284,,2041,0.072136,,2041,3.094,,2041,5.937
,2047,1.265,,2047,0.131439,,2047,0.072093,,2047,3.372,,2047,5.068
,2053,1.434,,2053,0.116171,,2053,0.090557,,2053,3.174,,2053,6.273
,,,,2059,0.113027,,2059,0.09125,,2059,3.283,,2059,4.939
,2065,1.62,,2065,0.111522,,2065,0.082173,,2065,3.019,,2065,5.066
,2071,1.23,,2071,0.113598,,2071,0.089479,,2071,2.989,,2071,5.097
,2077,1.328,,2077,0.116447,,2077,0.082964,,2077,3.41,,2077,5.322
,2083,1.131,,2083,0.125317,,2083,0.083225,,2083,3.584,,2083,5.653
,2089,1.14,,2089,0.11813,,2089,0.087259,,2089,3.193,,2089,5.002
,2095,1.146,,2095,0.118969,,2095,0.083958,,2095,3.121,,2095,5.258
,2101,1.349,,2101,0.124796,,2101,0.075758,,2101,3.098,,2101,5.124
,2107,1.145,,2107,0.118601,,2107,0.101208,,2107,3.599,,2107,5.454
,2113,1.242,,2113,0.12549,,2113,0.092408,,2113,3.805,,2113,4.917
,2119,1.631,,2119,0.113944,,2119,0.077133,,2119,3.116,,2119,5.476
,2125,2.211,,2125,0.138176,,2125,0.11569,,2125,3.142,,2125,5.707
,2131,1.95,,2131,0.132209,,2131,0.088452,,2131,3.112,,2131,5.368
,2137,1.267,,2137,0.133827,,2137,0.079563,,2137,3.554,,2137,6.011
,2143,1.185,,2143,0.128007,,2143,0.091588,,2143,3.564,,2143,9.718
,2149,1.166,,2149,0.123595,,2149,0.080011,,2149,3.226,,2149,17.297
,2155,1.172,,2155,0.132548,,2155,0.080161,,2155,3.135,,2155,3.977
,2161,1.166,,2161,0.125673,,2161,0.110072,,2161,3.174,,2161,5.379
,2167,1.298,,2167,0.135688,,2167,0.080927,,2167,3.622,,2167,4.207
,2173,1.171,,2173,0.145184,,2173,0.118036,,2173,3.595,,2173,4.188
,2179,1.186,,2179,0.129289,,2179,0.096474,,2179,3.303,,2179,4.591
,2185,1.18,,2185,0.132511,,2185,0.082805,,2185,3.199,,2185,4.229
,2191,1.417,,2191,0.144043,,2191,0.094688,,2191,3.176,,2191,4.789
,2197,1.358,,2197,0.137865,,2197,0.110926,,2197,3.76,,2197,4.215
,2203,1.305,,2203,0.140748,,2203,0.112009,,2203,3.607,,2203,4.759
,2209,1.367,,2209,0.134122,,2209,0.083851,,2209,3.399,,2209,4.12
,2215,1.312,,2215,0.126578,,2215,0.091257,,2215,3.411,,2215,4.15
,2221,1.202,,2221,0.135,,2221,0.101788,,2221,3.348,,2221,4.414
,2227,1.219,,2227,0.145802,,2227,0.09288,,2227,4.121,,2227,4.512
,2233,1.23,,2233,0.137031,,2233,0.087341,,2233,3.349,,2233,4.383
,2239,1.274,,2239,0.135263,,2239,0.115906,,2239,3.322,,2239,4.105
,2245,1.216,,2245,0.137955,,2245,0.091733,,2245,3.283,,2245,4.299
,2251,1.218,,2251,0.142358,,2251,0.102832,,2251,3.678,,2251,4.084
,2257,1.219,,2257,0.138365,,2257,0.087668,,2257,3.837,,2257,4.065
,2263,1.22,,2263,0.133454,,2263,0.090073,,2263,3.429,,2263,3.376
,2269,1.462,,2269,0.137325,,2269,0.09788,,2269,3.4,,2269,4.256
,2275,1.445,,2275,0.136956,,2275,0.089136,,2275,3.414,,2275,4.397
,2281,1.414,,2281,0.137811,,2281,0.090798,,2281,15.423,,2281,3.814
,2287,1.411,,2287,0.142224,,2287,0.132764,,2287,3.743,,2287,3.828
,2293,1.255,,2293,0.137038,,2293,0.116237,,2293,3.698,,2293,4.164
,2299,1.263,,2299,0.138939,,2299,0.103067,,2299,3.613,,2299,3.998
,2305,1.263,,2305,0.14103,,2305,0.091871,,2305,3.588,,2305,3.979
,2311,1.525,,2311,0.14581,,2311,0.10591,,2311,16.26,,2311,3.803
,2317,1.254,,2317,0.144799,,2317,0.093693,,2317,3.511,,2317,4.376
,2323,1.271,,2323,0.147591,,2323,0.090873,,2323,3.607,,2323,4.227
,2329,1.257,,2329,0.144988,,2329,0.104139,,2329,3.578,,2329,4.594
,2335,1.263,,2335,0.143148,,2335,0.093392,,2335,3.695,,2335,4.328
,2341,1.407,,2341,0.144269,,2341,0.095867,,2341,3.69,,2341,4.036
,2347,1.736,,2347,0.150762,,2347,0.122491,,2347,3.642,,2347,4.386
,2353,1.481,,2353,0.154085,,2353,0.095167,,2353,3.911,,2353,4.329
,2359,1.405,,2359,0.148194,,2359,0.10177,,2359,3.623,,2359,3.769
,2365,1.345,,2365,0.15365,,2365,0.094006,,2365,3.756,,2365,4.593
,2371,1.325,,2371,0.157359,,2371,0.096101,,2371,3.541,,2371,5.304
,2377,1.393,,2377,0.150394,,2377,0.107492,,2377,3.969,,2377,6.125
,2383,1.292,,2383,0.14986,,2383,0.09581,,2383,3.801,,2383,5.395
,2389,1.297,,2389,0.154306,,2389,0.109552,,2389,3.69,,2389,5.984
,2395,1.296,,2395,0.153796,,2395,0.098389,,2395,3.604,,2395,5.415
,2401,1.295,,2401,0.158163,,2401,0.120305,,2401,3.742,,2401,5.394
,2407,1.309,,2407,0.159201,,2407,0.098456,,2407,4.018,,2407,5.55
,2413,1.479,,2413,0.159678,,2413,0.103605,,2413,3.834,,2413,5.233
,2419,1.512,,2419,0.151472,,2419,0.113869,,2419,3.618,,2419,5.527
,2425,1.43,,2425,0.157569,,2425,0.104831,,2425,3.596,,2425,6.181
,2431,1.519,,2431,0.165161,,2431,0.11687,,2431,4.332,,2431,5.638
,2437,1.794,,2437,0.16154,,2437,0.103698,,2437,4.051,,2437,5.673
,2443,1.399,,2443,0.160908,,2443,0.116278,,2443,3.654,,2443,6.421
,2449,1.34,,2449,0.159576,,2449,0.103907,,2449,3.634,,2449,6.483
,2455,1.349,,2455,0.163035,,2455,0.106309,,2455,4.342,,2455,31.367
,2461,1.364,,2461,0.163124,,2461,0.118359,,2461,4.34,,2461,11.099
,2467,1.389,,2467,0.163666,,2467,0.104333,,2467,4.055,,2467,20.32
,2473,1.361,,2473,0.160748,,2473,0.112499,,2473,3.93,,2473,15.331
,2479,1.345,,2479,0.16656,,2479,0.105714,,2479,4.115,,2479,9.859
,2485,2.283,,2485,0.171425,,2485,0.114698,,2485,3.894,,2485,7.381
,2491,2.637,,2491,0.16712,,2491,0.103795,,2491,3.95,,2491,12.071
,2497,2.544,,2497,0.16717,,2497,0.109026,,2497,3.785,,2497,11.539
,2503,1.57,,2503,0.168319,,2503,0.119561,,2503,4.119,,2503,8.856
,2509,1.387,,2509,0.166073,,2509,0.111231,,2509,4.009,,2509,9.547
,2515,1.39,,2515,0.176527,,2515,0.120115,,2515,3.878,,2515,10.31
,2521,1.56,,2521,0.174338,,2521,0.111452,,2521,3.838,,2521,8.061
,2527,1.413,,2527,0.181702,,2527,0.130879,,2527,4.3,,2527,7.488
,2533,1.372,,2533,0.179074,,2533,0.107887,,2533,4.61,,2533,7.726
,2539,1.795,,2539,0.18003,,2539,0.120136,,2539,3.947,,2539,8.013
,2545,1.591,,2545,0.217983,,2545,0.115341,,2545,3.94,,2545,8.606
,2551,1.757,,2551,0.182065,,2551,0.118968,,2551,4.171,,2551,7.8
,2557,2.622,,2557,0.228528,,2557,0.11832,,2557,4.262,,2557,8.321
,2563,2.428,,2563,0.177748,,2563,0.117195,,2563,3.83,,2563,7.705
,2569,2.428,,2569,0.18391,,2569,0.127217,,2569,3.826,,2569,9.124
,2575,2.407,,2575,0.18213,,2575,0.138537,,2575,4.353,,2575,7.934
,2581,1.781,,2581,0.184899,,2581,0.137285,,2581,6.119,,2581,10.08
,2587,2.53,,2587,0.189483,,2587,0.133152,,2587,4.012,,2587,10.298
,2593,1.919,,2593,0.185742,,2593,0.140082,,2593,4.206,,2593,28.259
,2599,1.584,,2599,0.186198,,2599,0.126112,,2599,5.131,,2599,5.834
,2605,1.552,,2605,0.192047,,2605,0.121071,,2605,4.184,,2605,7.577
,2611,1.474,,2611,0.191767,,2611,0.139613,,2611,4.1,,2611,4.9
,2617,1.425,,2617,0.191068,,2617,0.138069,,2617,4.005,,2617,4.892
,2623,1.622,,2623,0.194163,,2623,0.153684,,2623,5.316,,2623,6.846
,2629,1.625,,2629,0.198123,,2629,0.119492,,2629,4.56,,2629,4.697
,2635,1.497,,2635,0.215306,,2635,0.141667,,2635,4.129,,2635,4.614
,2641,1.443,,2641,0.20767,,2641,0.137442,,2641,19.028,,2641,4.802
,2647,1.867,,2647,0.210816,,2647,0.159626,,2647,11.146,,2647,4.437
,2653,1.78,,2653,0.19091,,2653,0.151316,,2653,4.444,,2653,4.055
,2659,1.544,,2659,0.190417,,2659,0.14126,,2659,4.556,,2659,4.92
,2665,1.513,,2665,0.201601,,2665,0.140563,,2665,4.21,,2665,5.518
,2671,1.541,,2671,0.202391,,2671,0.126078,,2671,4.302,,2671,4.954
,2677,1.509,,2677,0.199552,,2677,0.139669,,2677,4.286,,2677,5.982
,2683,1.512,,2683,0.204933,,2683,0.129997,,2683,4.244,,2683,6.481
,2689,1.462,,2689,0.199492,,2689,0.145523,,2689,4.211,,2689,5.384
,2695,1.505,,2695,0.205331,,2695,0.135303,,2695,4.464,,2695,5.31
,2701,1.471,,2701,0.198148,,2701,0.139183,,2701,4.374,,2701,5.236
,2707,1.695,,2707,0.201972,,2707,0.125654,,2707,4.332,,2707,5.153
,2713,1.74,,2713,0.205197,,2713,0.133848,,2713,4.663,,2713,7.204
,2719,1.588,,2719,0.204002,,2719,0.125356,,2719,4.53,,2719,9.385
,2725,1.769,,2725,0.210193,,2725,0.141217,,2725,4.441,,2725,11.597
,2731,1.712,,2731,0.203725,,2731,0.126851,,2731,4.291,,2731,8.946
,2737,1.502,,2737,0.211103,,2737,0.141246,,2737,4.348,,2737,9.17
,2743,1.495,,2743,0.208448,,2743,0.128476,,2743,4.187,,2743,8.245
,2749,1.506,,2749,0.214357,,2749,0.152642,,2749,5.008,,2749,8.826
,,,,2755,0.211581,,2755,0.141837,,2755,4.632,,2755,8.513
,2761,1.742,,2761,0.213619,,2761,0.140555,,2761,4.174,,2761,9.175
,2767,1.704,,2767,0.213813,,2767,0.149493,,2767,4.632,,2767,9.278
,2773,1.511,,2773,0.214104,,2773,0.128378,,2773,4.52,,2773,8.348
,2779,1.824,,2779,0.219204,,2779,0.176027,,2779,4.499,,2779,9.151
,2785,2.141,,2785,0.214286,,2785,0.133663,,2785,4.394,,2785,9.196
,2791,1.731,,2791,0.216366,,2791,0.186601,,2791,4.906,,2791,12.549
,2797,1.833,,2797,0.213312,,2797,0.145641,,2797,4.631,,2797,8.949
,2803,1.523,,2803,0.219328,,2803,0.133359,,2803,4.334,,2803,29.839
,2809,1.549,,2809,0.22569,,2809,0.15357,,2809,4.412,,2809,10.151
,2815,1.578,,2815,0.215281,,2815,0.141333,,2815,5.082,,2815,10.321
,2821,1.532,,2821,0.226515,,2821,0.159363,,2821,4.58,,2821,13.001
,2827,1.56,,2827,0.228244,,2827,0.135263,,2827,4.656,,2827,10.198
,2833,1.546,,2833,0.222468,,2833,0.1543,,2833,4.78,,2833,9.797
,2839,1.979,,2839,0.225356,,2839,0.147249,,2839,4.788,,2839,8.598
,2845,1.785,,2845,0.22565,,2845,0.138134,,2845,4.331,,2845,12.626
,2851,1.802,,2851,0.2253,,2851,0.159416,,2851,4.398,,2851,11.154
,2857,1.698,,2857,0.229462,,2857,0.143987,,2857,4.97,,2857,12.519
,2863,1.675,,2863,0.228788,,2863,0.153412,,2863,4.941,,2863,13.328
,2869,1.624,,2869,0.246097,,2869,0.156201,,2869,4.371,,2869,9.129
,2875,1.568,,2875,0.22945,,2875,0.141657,,2875,4.877,,2875,13.655
,2881,1.85,,2881,0.23142,,2881,0.161244,,2881,6.033,,2881,13.399
,2887,1.609,,2887,0.231467,,2887,0.14295,,2887,4.541,,2887,9.458
,2893,1.773,,2893,0.233357,,2893,0.150072,,2893,4.551,,2893,9.229
,2899,2.995,,2899,0.235044,,2899,0.154059,,2899,4.82,,2899,12.51
,2905,2.855,,2905,0.237853,,2905,0.143394,,2905,4.657,,2905,11.172
,2911,1.895,,2911,0.242692,,2911,0.161035,,2911,4.68,,2911,9.079
,2917,1.644,,2917,0.273471,,2917,0.148134,,2917,6.154,,2917,10.804
,2923,1.711,,2923,0.241488,,2923,0.163272,,2923,5.651,,2923,10.618
,2929,1.713,,2929,0.24186,,2929,0.161206,,2929,4.685,,2929,10.499
,2935,1.707,,2935,0.246279,,2935,0.144731,,2935,17.965,,2935,36.935
,2941,1.725,,2941,0.300018,,2941,0.167182,,2941,6.45,,2941,9.7
,2947,1.883,,2947,0.244944,,2947,0.163477,,2947,4.935,,2947,9.046
,2953,1.781,,2953,0.240231,,2953,0.15183,,2953,4.88,,2953,9.503
,2959,1.807,,2959,0.254646,,2959,0.162996,,2959,4.836,,2959,9.641
,2965,1.746,,2965,0.246659,,2965,0.152405,,2965,5.039,,2965,9.479
,2971,1.683,,2971,0.24732,,2971,0.166809,,2971,4.792,,2971,9.206
,2977,1.803,,2977,0.246365,,2977,0.172676,,2977,4.937,,2977,9.171
,2983,1.694,,2983,0.261173,,2983,0.149777,,2983,4.762,,2983,9.568
,2989,1.665,,2989,0.25583,,2989,0.165542,,2989,4.873,,2989,9.658
,2995,1.68,,2995,0.251073,,2995,0.159851,,2995,5.209,,2995,11.138
